"Source:","C:\Users\dvd62\OneDrive\05_Semester_5_WiSe\90_Studienarbeit\FireKey_Hardware\PCB\FireKey.kicad_sch"
"Date:","2/5/2023 1:17:39 PM"
"Tool:","Eeschema (6.0.10)"
"Generator:","C:\Program Files\KiCad\6.0\bin\scripting\plugins/bom_csv_grouped_by_value.py"
"Component Count:","65"

"Individual Components:"

"Item","Qty","Reference(s)","Value","LibPart","Footprint","Datasheet","Part#","Supplier"
"","","C0","100nF","Device:C","Capacitor_SMD:C_0603_1608Metric_Pad1.08x0.95mm_HandSolder","https://www.lcsc.com/product-detail/C694249.html","C694249","LCSC"
"","","C1","100nF","Device:C","Capacitor_SMD:C_0603_1608Metric_Pad1.08x0.95mm_HandSolder","https://www.lcsc.com/product-detail/C694249.html","C694249","LCSC"
"","","C2","100nF","Device:C","Capacitor_SMD:C_0603_1608Metric_Pad1.08x0.95mm_HandSolder","https://www.lcsc.com/product-detail/C694249.html","C694249","LCSC"
"","","C3","100nF","Device:C","Capacitor_SMD:C_0603_1608Metric_Pad1.08x0.95mm_HandSolder","https://www.lcsc.com/product-detail/C694249.html","C694249","LCSC"
"","","C4","100nF","Device:C","Capacitor_SMD:C_0603_1608Metric_Pad1.08x0.95mm_HandSolder","https://www.lcsc.com/product-detail/C694249.html","C694249","LCSC"
"","","C5","100nF","Device:C","Capacitor_SMD:C_0603_1608Metric_Pad1.08x0.95mm_HandSolder","https://www.lcsc.com/product-detail/C694249.html","C694249","LCSC"
"","","C6","100nF","Device:C","Capacitor_SMD:C_0603_1608Metric_Pad1.08x0.95mm_HandSolder","https://www.lcsc.com/product-detail/C694249.html","C694249","LCSC"
"","","C7","100nF","Device:C","Capacitor_SMD:C_0603_1608Metric_Pad1.08x0.95mm_HandSolder","https://www.lcsc.com/product-detail/C694249.html","C694249","LCSC"
"","","C8","100nF","Device:C","Capacitor_SMD:C_0603_1608Metric_Pad1.08x0.95mm_HandSolder","https://www.lcsc.com/product-detail/C694249.html","C694249","LCSC"
"","","C9","100nF","Device:C","Capacitor_SMD:C_0603_1608Metric_Pad1.08x0.95mm_HandSolder","https://www.lcsc.com/product-detail/C694249.html","C694249","LCSC"
"","","C10","100nF","Device:C","Capacitor_SMD:C_0603_1608Metric_Pad1.08x0.95mm_HandSolder","https://www.lcsc.com/product-detail/C694249.html","C694249","LCSC"
"","","C11","100nF","Device:C","Capacitor_SMD:C_0603_1608Metric_Pad1.08x0.95mm_HandSolder","https://www.lcsc.com/product-detail/C694249.html","C694249","LCSC"
"","","C12","100nF","Device:C","Capacitor_SMD:C_0603_1608Metric_Pad1.08x0.95mm_HandSolder","https://www.lcsc.com/product-detail/C694249.html","C694249","LCSC"
"","","C13","100nF","Device:C","Capacitor_SMD:C_0603_1608Metric_Pad1.08x0.95mm_HandSolder","https://www.lcsc.com/product-detail/C694249.html","C694249","LCSC"
"","","C14","100nF","Device:C","Capacitor_SMD:C_0603_1608Metric_Pad1.08x0.95mm_HandSolder","https://www.lcsc.com/product-detail/C694249.html","C694249","LCSC"
"","","D1","1N4148W","Device:D","Custom_Parts:D_SOD-123","https://www.lcsc.com/product-detail/C2892570.html","C2892570","LCSC"
"","","D2","1N4148W","Device:D","Custom_Parts:D_SOD-123","https://www.lcsc.com/product-detail/C2892570.html","C2892570","LCSC"
"","","D3","1N4148W","Device:D","Custom_Parts:D_SOD-123","https://www.lcsc.com/product-detail/C2892570.html","C2892570","LCSC"
"","","D4","1N4148W","Device:D","Custom_Parts:D_SOD-123","https://www.lcsc.com/product-detail/C2892570.html","C2892570","LCSC"
"","","D5","1N4148W","Device:D","Custom_Parts:D_SOD-123","https://www.lcsc.com/product-detail/C2892570.html","C2892570","LCSC"
"","","D6","1N4148W","Device:D","Custom_Parts:D_SOD-123","https://www.lcsc.com/product-detail/C2892570.html","C2892570","LCSC"
"","","D7","1N4148W","Device:D","Custom_Parts:D_SOD-123","https://www.lcsc.com/product-detail/C2892570.html","C2892570","LCSC"
"","","D8","1N4148W","Device:D","Custom_Parts:D_SOD-123","https://www.lcsc.com/product-detail/C2892570.html","C2892570","LCSC"
"","","D9","1N4148W","Device:D","Custom_Parts:D_SOD-123","https://www.lcsc.com/product-detail/C2892570.html","C2892570","LCSC"
"","","D10","1N4148W","Device:D","Custom_Parts:D_SOD-123","https://www.lcsc.com/product-detail/C2892570.html","C2892570","LCSC"
"","","D11","1N4148W","Device:D","Custom_Parts:D_SOD-123","https://www.lcsc.com/product-detail/C2892570.html","C2892570","LCSC"
"","","D12","1N4148W","Device:D","Custom_Parts:D_SOD-123","https://www.lcsc.com/product-detail/C2892570.html","C2892570","LCSC"
"","","D13","1N4148W","Device:D","Custom_Parts:D_SOD-123","https://www.lcsc.com/product-detail/C2892570.html","C2892570","LCSC"
"","","D14","1N4148W","Device:D","Custom_Parts:D_SOD-123","https://www.lcsc.com/product-detail/C2892570.html","C2892570","LCSC"
"","","D15","1N4148W","Device:D","Custom_Parts:D_SOD-123","https://www.lcsc.com/product-detail/C2892570.html","C2892570","LCSC"
"","","KEY1","SW_MX","Custom_Parts:SW_MX_1u","Custom_Parts:SW_Cherry_MX_1.00u_PCB_CleanFront","https://de.aliexpress.com/item/1005003981373212.html","-","AliExpress"
"","","KEY2","SW_MX","Custom_Parts:SW_MX_1u","Custom_Parts:SW_Cherry_MX_1.00u_PCB_CleanFront","https://de.aliexpress.com/item/1005003981373212.html","-","AliExpress"
"","","KEY3","SW_MX","Custom_Parts:SW_MX_1u","Custom_Parts:SW_Cherry_MX_1.00u_PCB_CleanFront","https://de.aliexpress.com/item/1005003981373212.html","-","AliExpress"
"","","KEY4","SW_MX","Custom_Parts:SW_MX_1u","Custom_Parts:SW_Cherry_MX_1.00u_PCB_CleanFront","https://de.aliexpress.com/item/1005003981373212.html","-","AliExpress"
"","","KEY5","SW_MX","Custom_Parts:SW_MX_1u","Custom_Parts:SW_Cherry_MX_1.00u_PCB_CleanFront","https://de.aliexpress.com/item/1005003981373212.html","-","AliExpress"
"","","KEY6","SW_MX","Custom_Parts:SW_MX_1u","Custom_Parts:SW_Cherry_MX_1.00u_PCB_CleanFront","https://de.aliexpress.com/item/1005003981373212.html","-","AliExpress"
"","","KEY7","SW_MX","Custom_Parts:SW_MX_1u","Custom_Parts:SW_Cherry_MX_1.00u_PCB_CleanFront","https://de.aliexpress.com/item/1005003981373212.html","-","AliExpress"
"","","KEY8","SW_MX","Custom_Parts:SW_MX_1u","Custom_Parts:SW_Cherry_MX_1.00u_PCB_CleanFront","https://de.aliexpress.com/item/1005003981373212.html","-","AliExpress"
"","","KEY9","SW_MX","Custom_Parts:SW_MX_1u","Custom_Parts:SW_Cherry_MX_1.00u_PCB_CleanFront","https://de.aliexpress.com/item/1005003981373212.html","-","AliExpress"
"","","KEY10","SW_MX","Custom_Parts:SW_MX_1u","Custom_Parts:SW_Cherry_MX_1.00u_PCB_CleanFront","https://de.aliexpress.com/item/1005003981373212.html","-","AliExpress"
"","","KEY11","SW_MX","Custom_Parts:SW_MX_1u","Custom_Parts:SW_Cherry_MX_1.00u_PCB_CleanFront","https://de.aliexpress.com/item/1005003981373212.html","-","AliExpress"
"","","KEY12","SW_MX","Custom_Parts:SW_MX_1u","Custom_Parts:SW_Cherry_MX_1.00u_PCB_CleanFront","https://de.aliexpress.com/item/1005003981373212.html","-","AliExpress"
"","","KEY13","SW_MX","Custom_Parts:SW_MX_1u","Custom_Parts:SW_Cherry_MX_1.00u_PCB_CleanFront","https://de.aliexpress.com/item/1005003981373212.html","-","AliExpress"
"","","KEY14","SW_MX","Custom_Parts:SW_MX_1u","Custom_Parts:SW_Cherry_MX_1.00u_PCB_CleanFront","https://de.aliexpress.com/item/1005003981373212.html","-","AliExpress"
"","","KEY15","SW_MX","Custom_Parts:SW_MX_1u","Custom_Parts:SW_Cherry_MX_1.00u_PCB_CleanFront","https://de.aliexpress.com/item/1005003981373212.html","-","AliExpress"
"","","LED0","SK6812","Custom_Parts:DY-S352818{slash}6812-2T","Custom_Parts:DY-S352818-6812-2T","https://www.lcsc.com/product-detail/C524051.html","C524051","LCSC"
"","","LED1","SK6812","Custom_Parts:DY-S352818{slash}6812-2T","Custom_Parts:DY-S352818-6812-2T","https://www.lcsc.com/product-detail/C524051.html","C524051","LCSC"
"","","LED2","SK6812","Custom_Parts:DY-S352818{slash}6812-2T","Custom_Parts:DY-S352818-6812-2T","https://www.lcsc.com/product-detail/C524051.html","C524051","LCSC"
"","","LED3","SK6812","Custom_Parts:DY-S352818{slash}6812-2T","Custom_Parts:DY-S352818-6812-2T","https://www.lcsc.com/product-detail/C524051.html","C524051","LCSC"
"","","LED4","SK6812","Custom_Parts:DY-S352818{slash}6812-2T","Custom_Parts:DY-S352818-6812-2T","https://www.lcsc.com/product-detail/C524051.html","C524051","LCSC"
"","","LED5","SK6812","Custom_Parts:DY-S352818{slash}6812-2T","Custom_Parts:DY-S352818-6812-2T","https://www.lcsc.com/product-detail/C524051.html","C524051","LCSC"
"","","LED6","SK6812","Custom_Parts:DY-S352818{slash}6812-2T","Custom_Parts:DY-S352818-6812-2T","https://www.lcsc.com/product-detail/C524051.html","C524051","LCSC"
"","","LED7","SK6812","Custom_Parts:DY-S352818{slash}6812-2T","Custom_Parts:DY-S352818-6812-2T","https://www.lcsc.com/product-detail/C524051.html","C524051","LCSC"
"","","LED8","SK6812","Custom_Parts:DY-S352818{slash}6812-2T","Custom_Parts:DY-S352818-6812-2T","https://www.lcsc.com/product-detail/C524051.html","C524051","LCSC"
"","","LED9","SK6812","Custom_Parts:DY-S352818{slash}6812-2T","Custom_Parts:DY-S352818-6812-2T","https://www.lcsc.com/product-detail/C524051.html","C524051","LCSC"
"","","LED10","SK6812","Custom_Parts:DY-S352818{slash}6812-2T","Custom_Parts:DY-S352818-6812-2T","https://www.lcsc.com/product-detail/C524051.html","C524051","LCSC"
"","","LED11","SK6812","Custom_Parts:DY-S352818{slash}6812-2T","Custom_Parts:DY-S352818-6812-2T","https://www.lcsc.com/product-detail/C524051.html","C524051","LCSC"
"","","LED12","SK6812","Custom_Parts:DY-S352818{slash}6812-2T","Custom_Parts:DY-S352818-6812-2T","https://www.lcsc.com/product-detail/C524051.html","C524051","LCSC"
"","","LED13","SK6812","Custom_Parts:DY-S352818{slash}6812-2T","Custom_Parts:DY-S352818-6812-2T","https://www.lcsc.com/product-detail/C524051.html","C524051","LCSC"
"","","LED14","SK6812","Custom_Parts:DY-S352818{slash}6812-2T","Custom_Parts:DY-S352818-6812-2T","https://www.lcsc.com/product-detail/C524051.html","C524051","LCSC"
"","","OLED1","OLED_1.3_4P_GV","Custom_Modules:OLED_1.3_4P_GV","Custom_Module:OLED_1.3_4P_M2.5Holes_CleanFront","https://de.aliexpress.com/item/1005004131362533.html","-","AliExpress"
"","","OLED2","OLED_1.3_4P_GV","Custom_Modules:OLED_1.3_4P_GV","Custom_Module:OLED_1.3_4P_M2.5Holes_CleanFront","https://de.aliexpress.com/item/1005004131362533.html","-","AliExpress"
"","","R1","470","Device:R","Resistor_SMD:R_0603_1608Metric_Pad0.98x0.95mm_HandSolder","https://www.lcsc.com/product-detail/C23179.html","C23179","LCSC"
"","","SW1","SW_MEC_4A","Custom_Parts:SW_MEC_4P","Button_Switch_SMD:SW_SPST_TL3342","https://www.lcsc.com/product-detail/C2888878.html","C2888878","LCSC"
"","","U1","Arduino_Pro_Micro_USB-C","Custom_MCU:Arduino_Pro_Micro_USB-C","Custom_MCU:Arduino_Pro_Micro_USB-C_CleanFront","https://de.aliexpress.com/item/1005004771851259.html","-","AliExpress"



"Collated Components:"

"Item","Qty","Reference(s)","Value","LibPart","Footprint","Datasheet","Part#","Supplier"
"1","15","C0, C1, C2, C3, C4, C5, C6, C7, C8, C9, C10, C11, C12, C13, C14","100nF","Device:C","Capacitor_SMD:C_0603_1608Metric_Pad1.08x0.95mm_HandSolder","https://www.lcsc.com/product-detail/C694249.html","C694249","LCSC"
"2","15","D1, D2, D3, D4, D5, D6, D7, D8, D9, D10, D11, D12, D13, D14, D15","1N4148W","Device:D","Custom_Parts:D_SOD-123","https://www.lcsc.com/product-detail/C2892570.html","C2892570","LCSC"
"3","15","KEY1, KEY2, KEY3, KEY4, KEY5, KEY6, KEY7, KEY8, KEY9, KEY10, KEY11, KEY12, KEY13, KEY14, KEY15","SW_MX","Custom_Parts:SW_MX_1u","Custom_Parts:SW_Cherry_MX_1.00u_PCB_CleanFront","https://de.aliexpress.com/item/1005003981373212.html","-","AliExpress"
"4","15","LED0, LED1, LED2, LED3, LED4, LED5, LED6, LED7, LED8, LED9, LED10, LED11, LED12, LED13, LED14","SK6812","Custom_Parts:DY-S352818{slash}6812-2T","Custom_Parts:DY-S352818-6812-2T","https://www.lcsc.com/product-detail/C524051.html","C524051","LCSC"
"5","2","OLED1, OLED2","OLED_1.3_4P_GV","Custom_Modules:OLED_1.3_4P_GV","Custom_Module:OLED_1.3_4P_M2.5Holes_CleanFront","https://de.aliexpress.com/item/1005004131362533.html","-","AliExpress"
"6","1","R1","470","Device:R","Resistor_SMD:R_0603_1608Metric_Pad0.98x0.95mm_HandSolder","https://www.lcsc.com/product-detail/C23179.html","C23179","LCSC"
"7","1","SW1","SW_MEC_4A","Custom_Parts:SW_MEC_4P","Button_Switch_SMD:SW_SPST_TL3342","https://www.lcsc.com/product-detail/C2888878.html","C2888878","LCSC"
"8","1","U1","Arduino_Pro_Micro_USB-C","Custom_MCU:Arduino_Pro_Micro_USB-C","Custom_MCU:Arduino_Pro_Micro_USB-C_CleanFront","https://de.aliexpress.com/item/1005004771851259.html","-","AliExpress"
